/*
MySQL Data Transfer
Source Host: localhost
Source Database: myproject
Target Host: localhost
Target Database: myproject
Date: 2018/4/19 19:44:43
*/

SET FOREIGN_KEY_CHECKS=0;
-- ----------------------------
-- Table structure for admin
-- ----------------------------
CREATE TABLE `admin` (
  `adminId` varchar(32) NOT NULL,
  `userId` varchar(32) NOT NULL,
  PRIMARY KEY (`adminId`)
) ENGINE=InnoDB DEFAULT CHARSET=utf8;

-- ----------------------------
-- Table structure for albums
-- ----------------------------
CREATE TABLE `albums` (
  `albumId` varchar(32) NOT NULL,
  `userId` varchar(32) NOT NULL,
  `albumName` varchar(32) NOT NULL,
  `albumImage` varchar(200) NOT NULL,
  `createTime` varchar(14) NOT NULL,
  `isLock` varchar(1) NOT NULL,
  PRIMARY KEY (`albumId`)
) ENGINE=InnoDB DEFAULT CHARSET=utf8;

-- ----------------------------
-- Table structure for collection
-- ----------------------------
CREATE TABLE `collection` (
  `collectionId` varchar(32) NOT NULL,
  `userId` varchar(32) NOT NULL,
  `pictureId` varchar(32) NOT NULL,
  PRIMARY KEY (`collectionId`)
) ENGINE=InnoDB DEFAULT CHARSET=utf8;

-- ----------------------------
-- Table structure for messages
-- ----------------------------
CREATE TABLE `messages` (
  `messageId` varchar(32) NOT NULL,
  `pictureId` varchar(32) NOT NULL,
  `sendId` varchar(32) NOT NULL,
  `content` varchar(3000) NOT NULL,
  `floor` int(11) NOT NULL,
  `createTime` varchar(14) NOT NULL,
  `isLock` varchar(1) NOT NULL,
  PRIMARY KEY (`messageId`)
) ENGINE=InnoDB DEFAULT CHARSET=utf8;

-- ----------------------------
-- Table structure for pictures
-- ----------------------------
CREATE TABLE `pictures` (
  `pictureId` varchar(32) NOT NULL,
  `userId` varchar(32) NOT NULL,
  `pictureTitle` varchar(32) NOT NULL,
  `pictureType` varchar(255) NOT NULL,
  `pictureName` varchar(200) NOT NULL,
  `remark` varchar(3000) DEFAULT NULL,
  `createTime` varchar(14) NOT NULL,
  `clickCount` int(11) NOT NULL DEFAULT '0',
  `download` int(11) NOT NULL DEFAULT '0',
  `isLock` varchar(1) NOT NULL DEFAULT 'N',
  PRIMARY KEY (`pictureId`)
) ENGINE=InnoDB DEFAULT CHARSET=utf8;

-- ----------------------------
-- Table structure for picturetype
-- ----------------------------
CREATE TABLE `picturetype` (
  `typeId` int(255) NOT NULL AUTO_INCREMENT,
  `typeName` varchar(255) NOT NULL,
  `remark` varchar(255) DEFAULT NULL,
  PRIMARY KEY (`typeId`)
) ENGINE=InnoDB AUTO_INCREMENT=3 DEFAULT CHARSET=utf8;

-- ----------------------------
-- Table structure for user
-- ----------------------------
CREATE TABLE `user` (
  `userId` varchar(32) NOT NULL,
  `userName` varchar(16) NOT NULL,
  `account` varchar(16) NOT NULL,
  `password` varchar(32) NOT NULL,
  `sex` varchar(2) DEFAULT NULL,
  `email` varchar(200) NOT NULL,
  `createTime` varchar(14) NOT NULL,
  `userImage` varchar(200) DEFAULT NULL,
  `isLock` varchar(1) NOT NULL DEFAULT 'N',
  PRIMARY KEY (`userId`)
) ENGINE=InnoDB DEFAULT CHARSET=utf8;

-- ----------------------------
-- Records 
-- ----------------------------
INSERT INTO `pictures` VALUES ('0671B1755E184290B83C223F2A9328F5', '8EA7EDE3A8AB4CBFB9819C5ED28460FB', '萨尔茨卡默古特地区', '1', '0671B1755E184290B83C223F2A9328F5.jpg', null, '4340', '20', '35', 'N');
INSERT INTO `pictures` VALUES ('0B1F9C316B0B4787A9E342B2D62AD517', '8EA7EDE3A8AB4CBFB9819C5ED28460FB', '加利福尼亚湾', '2', '0B1F9C316B0B4787A9E342B2D62AD517.jpg', null, '4244', '34', '56', 'N');
INSERT INTO `pictures` VALUES ('0CE2C2E839E946769C53B9112E14460D', '8EA7EDE3A8AB4CBFB9819C5ED28460FB', '萨尔茨卡默古特地区', '1', '0CE2C2E839E946769C53B9112E14460D.jpg', null, '4247', '67', '66', 'N');
INSERT INTO `pictures` VALUES ('0DE189D3C49746799E89AD1F5F44DB86', '8EA7EDE3A8AB4CBFB9819C5ED28460FB', '萨尔茨卡默古特地区', '1', '0DE189D3C49746799E89AD1F5F44DB86.jpg', null, '4220', '37', '13', 'N');
INSERT INTO `pictures` VALUES ('1109DDD056C040E1846159E1A9CEEFFB', '8EA7EDE3A8AB4CBFB9819C5ED28460FB', '萨尔茨卡默古特地区', '1', '1109DDD056C040E1846159E1A9CEEFFB.jpg', null, '4316', '36', '10', 'N');
INSERT INTO `pictures` VALUES ('11F697208A4F4080B7A3B90829932570', '8EA7EDE3A8AB4CBFB9819C5ED28460FB', '加利福尼亚湾', '2', '11F697208A4F4080B7A3B90829932570.jpg', null, '4211', '72', '98', 'N');
INSERT INTO `pictures` VALUES ('1396249222FD42A79344502C8C9E85A2', '8EA7EDE3A8AB4CBFB9819C5ED28460FB', '加利福尼亚湾', '2', '1396249222FD42A79344502C8C9E85A2.jpg', null, '4229', '17', '80', 'N');
INSERT INTO `pictures` VALUES ('1506EB173F1A4EA8A6B16ACAE477EC97', '8EA7EDE3A8AB4CBFB9819C5ED28460FB', '萨尔茨卡默古特地区', '1', '1506EB173F1A4EA8A6B16ACAE477EC97.jpg', null, '4222', '48', '48', 'N');
INSERT INTO `pictures` VALUES ('153E2CA460F74696ABAA715A15B95387', '8EA7EDE3A8AB4CBFB9819C5ED28460FB', '加利福尼亚湾', '2', '153E2CA460F74696ABAA715A15B95387.jpg', null, '4238', '43', '68', 'N');
INSERT INTO `pictures` VALUES ('177D1E97A9B64B12B1D8684940BC02FD', '8EA7EDE3A8AB4CBFB9819C5ED28460FB', '萨尔茨卡默古特地区', '1', '177D1E97A9B64B12B1D8684940BC02FD.jpg', null, '4336', '13', '64', 'N');
INSERT INTO `pictures` VALUES ('17C15EAEAF63408AAF693EBF4C380F4E', '8EA7EDE3A8AB4CBFB9819C5ED28460FB', '萨尔茨卡默古特地区', '1', '17C15EAEAF63408AAF693EBF4C380F4E.jpg', null, '4243', '98', '6', 'N');
INSERT INTO `pictures` VALUES ('17F876DE5A6740C7A30AD6C1D4095C0A', '8EA7EDE3A8AB4CBFB9819C5ED28460FB', '萨尔茨卡默古特地区', '1', '17F876DE5A6740C7A30AD6C1D4095C0A.jpg', null, '4256', '73', '49', 'N');
INSERT INTO `pictures` VALUES ('1ABB8FD9361B431A84F98933F083DD8F', '8EA7EDE3A8AB4CBFB9819C5ED28460FB', '萨尔茨卡默古特地区', '1', '1ABB8FD9361B431A84F98933F083DD8F.jpg', null, '4316', '88', '80', 'N');
INSERT INTO `pictures` VALUES ('1B2AF0375C204B4E98417A0BA2F86D53', '8EA7EDE3A8AB4CBFB9819C5ED28460FB', '萨尔茨卡默古特地区', '1', '1B2AF0375C204B4E98417A0BA2F86D53.jpg', null, '4223', '53', '2', 'N');
INSERT INTO `pictures` VALUES ('1B70C2731247404D838EA9C75D394725', '8EA7EDE3A8AB4CBFB9819C5ED28460FB', '加利福尼亚湾', '2', '1B70C2731247404D838EA9C75D394725.jpg', null, '4259', '89', '6', 'N');
INSERT INTO `pictures` VALUES ('1C490BF2A8154337B70CAC27DCC93B39', '8EA7EDE3A8AB4CBFB9819C5ED28460FB', '加利福尼亚湾', '2', '1C490BF2A8154337B70CAC27DCC93B39.jpg', null, '4258', '65', '31', 'N');
INSERT INTO `pictures` VALUES ('1D71C7BF99614729802CA84997B70A0C', '8EA7EDE3A8AB4CBFB9819C5ED28460FB', '加利福尼亚湾', '2', '1D71C7BF99614729802CA84997B70A0C.jpg', null, '4234', '35', '98', 'N');
INSERT INTO `pictures` VALUES ('1F088FECF33F4947A2ABE0CDE8E0FDBD', '8EA7EDE3A8AB4CBFB9819C5ED28460FB', '萨尔茨卡默古特地区', '1', '1F088FECF33F4947A2ABE0CDE8E0FDBD.jpg', null, '4211', '96', '41', 'N');
INSERT INTO `pictures` VALUES ('20A3C033127F43C08A876EF0359269DC', '8EA7EDE3A8AB4CBFB9819C5ED28460FB', '萨尔茨卡默古特地区', '1', '20A3C033127F43C08A876EF0359269DC.jpg', null, '4213', '48', '75', 'N');
INSERT INTO `pictures` VALUES ('20DF3DCCD8C74A4DB1D6B9E38D0F67FF', '8EA7EDE3A8AB4CBFB9819C5ED28460FB', '萨尔茨卡默古特地区', '1', '20DF3DCCD8C74A4DB1D6B9E38D0F67FF.jpg', null, '4236', '72', '60', 'N');
INSERT INTO `pictures` VALUES ('2375600C2B364F58928FDC51176BCE77', '8EA7EDE3A8AB4CBFB9819C5ED28460FB', '加利福尼亚湾', '2', '2375600C2B364F58928FDC51176BCE77.jpg', null, '4260', '63', '4', 'N');
INSERT INTO `pictures` VALUES ('23EE2835677A4BC6B7CA79BE0A0658B0', '8EA7EDE3A8AB4CBFB9819C5ED28460FB', '加利福尼亚湾', '2', '23EE2835677A4BC6B7CA79BE0A0658B0.jpg', null, '4213', '90', '19', 'N');
INSERT INTO `pictures` VALUES ('257B51D0D9004DE8ACEE4542D387B01A', '8EA7EDE3A8AB4CBFB9819C5ED28460FB', '加利福尼亚湾', '2', '257B51D0D9004DE8ACEE4542D387B01A.jpg', null, '4254', '65', '77', 'N');
INSERT INTO `pictures` VALUES ('26004B1E9073453992905338CEEB9CE6', '8EA7EDE3A8AB4CBFB9819C5ED28460FB', '萨尔茨卡默古特地区', '1', '26004B1E9073453992905338CEEB9CE6.jpg', null, '4327', '4', '93', 'N');
INSERT INTO `pictures` VALUES ('262EA42FAF744846AB3EC33E0168725F', '8EA7EDE3A8AB4CBFB9819C5ED28460FB', '萨尔茨卡默古特地区', '1', '262EA42FAF744846AB3EC33E0168725F.jpg', null, '4331', '38', '51', 'N');
INSERT INTO `pictures` VALUES ('286CAF6737C2412CB5ED6454EE7D6D17', '8EA7EDE3A8AB4CBFB9819C5ED28460FB', '加利福尼亚湾', '2', '286CAF6737C2412CB5ED6454EE7D6D17.jpg', null, '4231', '45', '97', 'N');
INSERT INTO `pictures` VALUES ('29E9DDAFC3AA410A8040437EF3B524C9', '8EA7EDE3A8AB4CBFB9819C5ED28460FB', '萨尔茨卡默古特地区', '1', '29E9DDAFC3AA410A8040437EF3B524C9.jpg', null, '4220', '41', '36', 'N');
INSERT INTO `pictures` VALUES ('2B1FEAE10B164D10970762D51F5A33DC', '8EA7EDE3A8AB4CBFB9819C5ED28460FB', '加利福尼亚湾', '2', '2B1FEAE10B164D10970762D51F5A33DC.jpg', null, '4222', '35', '60', 'N');
INSERT INTO `pictures` VALUES ('2FEF4CD9F86F428399499146221315EA', '8EA7EDE3A8AB4CBFB9819C5ED28460FB', '萨尔茨卡默古特地区', '1', '2FEF4CD9F86F428399499146221315EA.jpg', null, '4360', '28', '47', 'N');
INSERT INTO `pictures` VALUES ('3080315690E942148C20CC7A916BEAE8', '8EA7EDE3A8AB4CBFB9819C5ED28460FB', '萨尔茨卡默古特地区', '1', '3080315690E942148C20CC7A916BEAE8.jpg', null, '4357', '98', '90', 'N');
INSERT INTO `pictures` VALUES ('32C3E95EA676448CB481859AECCCE2D5', '8EA7EDE3A8AB4CBFB9819C5ED28460FB', '加利福尼亚湾', '2', '32C3E95EA676448CB481859AECCCE2D5.jpg', null, '4241', '38', '1', 'N');
INSERT INTO `pictures` VALUES ('338A0494A01241ADB2584DCD1D58D145', '8EA7EDE3A8AB4CBFB9819C5ED28460FB', '萨尔茨卡默古特地区', '1', '338A0494A01241ADB2584DCD1D58D145.jpg', null, '4313', '41', '27', 'N');
INSERT INTO `pictures` VALUES ('36300052F6334A769AD49226FC696CBB', '8EA7EDE3A8AB4CBFB9819C5ED28460FB', '萨尔茨卡默古特地区', '1', '36300052F6334A769AD49226FC696CBB.jpg', null, '4346', '18', '2', 'N');
INSERT INTO `pictures` VALUES ('3639E97E56084EBC9F3B33B856588954', '8EA7EDE3A8AB4CBFB9819C5ED28460FB', '萨尔茨卡默古特地区', '1', '3639E97E56084EBC9F3B33B856588954.jpg', null, '4234', '44', '89', 'N');
INSERT INTO `pictures` VALUES ('36F293DA2E3C439BB50F450FF611941B', '8EA7EDE3A8AB4CBFB9819C5ED28460FB', '加利福尼亚湾', '2', '36F293DA2E3C439BB50F450FF611941B.jpg', null, '4213', '60', '66', 'N');
INSERT INTO `pictures` VALUES ('37F20D9724954483BA1033DB56045498', '8EA7EDE3A8AB4CBFB9819C5ED28460FB', '萨尔茨卡默古特地区', '1', '37F20D9724954483BA1033DB56045498.jpg', null, '4214', '88', '65', 'N');
INSERT INTO `pictures` VALUES ('385776BDF8184B85BA23832863EE5FD3', '8EA7EDE3A8AB4CBFB9819C5ED28460FB', '萨尔茨卡默古特地区', '1', '385776BDF8184B85BA23832863EE5FD3.jpg', null, '4351', '98', '66', 'N');
INSERT INTO `pictures` VALUES ('3DBFA3E6924B4CC3B6D126AC88D124DD', '8EA7EDE3A8AB4CBFB9819C5ED28460FB', '加利福尼亚湾', '2', '3DBFA3E6924B4CC3B6D126AC88D124DD.jpg', null, '4236', '66', '52', 'N');
INSERT INTO `pictures` VALUES ('3E9934CA59F54F9DA04B13E2EF5DF8B1', '8EA7EDE3A8AB4CBFB9819C5ED28460FB', '加利福尼亚湾', '2', '3E9934CA59F54F9DA04B13E2EF5DF8B1.jpg', null, '4258', '84', '58', 'N');
INSERT INTO `pictures` VALUES ('4015A05CD8DD4DF49FA551D083CFA130', '8EA7EDE3A8AB4CBFB9819C5ED28460FB', '萨尔茨卡默古特地区', '1', '4015A05CD8DD4DF49FA551D083CFA130.jpg', null, '4231', '94', '75', 'N');
INSERT INTO `pictures` VALUES ('44AE7564E4454B549BD18A5F9E508922', '8EA7EDE3A8AB4CBFB9819C5ED28460FB', '萨尔茨卡默古特地区', '1', '44AE7564E4454B549BD18A5F9E508922.jpg', null, '4228', '1', '61', 'N');
INSERT INTO `pictures` VALUES ('45CCD8379DCA4C8081B471ECA1BDF6CE', '8EA7EDE3A8AB4CBFB9819C5ED28460FB', '加利福尼亚湾', '2', '45CCD8379DCA4C8081B471ECA1BDF6CE.jpg', null, '4226', '98', '38', 'N');
INSERT INTO `pictures` VALUES ('46A2182BF3174F1EA888FEBDBAA58080', '8EA7EDE3A8AB4CBFB9819C5ED28460FB', '萨尔茨卡默古特地区', '1', '46A2182BF3174F1EA888FEBDBAA58080.jpg', null, '4329', '72', '75', 'N');
INSERT INTO `pictures` VALUES ('4707C3369B064A659C55F78AEE5CFF09', '8EA7EDE3A8AB4CBFB9819C5ED28460FB', '加利福尼亚湾', '2', '4707C3369B064A659C55F78AEE5CFF09.jpg', null, '4227', '52', '74', 'N');
INSERT INTO `pictures` VALUES ('47291603DE8C4A03B203DCF156B2413D', '8EA7EDE3A8AB4CBFB9819C5ED28460FB', '加利福尼亚湾', '2', '47291603DE8C4A03B203DCF156B2413D.jpg', null, '4239', '66', '80', 'N');
INSERT INTO `pictures` VALUES ('480F327E9157493E97488E304DBBBE93', '8EA7EDE3A8AB4CBFB9819C5ED28460FB', '加利福尼亚湾', '2', '480F327E9157493E97488E304DBBBE93.jpg', null, '4239', '34', '4', 'N');
INSERT INTO `pictures` VALUES ('48C906C2B9304D7B80067E67F2619F45', '8EA7EDE3A8AB4CBFB9819C5ED28460FB', '加利福尼亚湾', '2', '48C906C2B9304D7B80067E67F2619F45.jpg', null, '4256', '91', '31', 'N');
INSERT INTO `pictures` VALUES ('4DFD7B159F064048B7BD1BE13ECF3C38', '8EA7EDE3A8AB4CBFB9819C5ED28460FB', '萨尔茨卡默古特地区', '1', '4DFD7B159F064048B7BD1BE13ECF3C38.jpg', null, '4338', '6', '97', 'N');
INSERT INTO `pictures` VALUES ('50D23489B93C43BD848102EDF3D9E543', '8EA7EDE3A8AB4CBFB9819C5ED28460FB', '加利福尼亚湾', '2', '50D23489B93C43BD848102EDF3D9E543.jpg', null, '4241', '74', '36', 'N');
INSERT INTO `pictures` VALUES ('50D6E5B8FFA34A60865C57AF62E575CA', '8EA7EDE3A8AB4CBFB9819C5ED28460FB', '加利福尼亚湾', '2', '50D6E5B8FFA34A60865C57AF62E575CA.jpg', null, '4223', '72', '84', 'N');
INSERT INTO `pictures` VALUES ('516F096570CF40019006B5F9107F9972', '8EA7EDE3A8AB4CBFB9819C5ED28460FB', '加利福尼亚湾', '2', '516F096570CF40019006B5F9107F9972.jpg', null, '4216', '2', '38', 'N');
INSERT INTO `pictures` VALUES ('571EFA1C28B9400DB39334704BBC52ED', '8EA7EDE3A8AB4CBFB9819C5ED28460FB', '加利福尼亚湾', '2', '571EFA1C28B9400DB39334704BBC52ED.jpg', null, '4222', '48', '57', 'N');
INSERT INTO `pictures` VALUES ('5841B2AABC0B425F81D2246D2E2B7337', '8EA7EDE3A8AB4CBFB9819C5ED28460FB', '萨尔茨卡默古特地区', '1', '5841B2AABC0B425F81D2246D2E2B7337.jpg', null, '4340', '93', '60', 'N');
INSERT INTO `pictures` VALUES ('5C0F1A69BC8E402EA2B21771473D6162', '8EA7EDE3A8AB4CBFB9819C5ED28460FB', '加利福尼亚湾', '2', '5C0F1A69BC8E402EA2B21771473D6162.jpg', null, '4253', '74', '33', 'N');
INSERT INTO `pictures` VALUES ('5D1826AF80204B218494E2FACFA28D0D', '8EA7EDE3A8AB4CBFB9819C5ED28460FB', '萨尔茨卡默古特地区', '1', '5D1826AF80204B218494E2FACFA28D0D.jpg', null, '4313', '74', '27', 'N');
INSERT INTO `pictures` VALUES ('5E9F8148AEA745D880A9B31E7895B172', '8EA7EDE3A8AB4CBFB9819C5ED28460FB', '加利福尼亚湾', '2', '5E9F8148AEA745D880A9B31E7895B172.jpg', null, '4219', '37', '24', 'N');
INSERT INTO `pictures` VALUES ('5FF04EAD61F74D82BB1C9912E6216CC6', '8EA7EDE3A8AB4CBFB9819C5ED28460FB', '萨尔茨卡默古特地区', '1', '5FF04EAD61F74D82BB1C9912E6216CC6.jpg', null, '4331', '42', '15', 'N');
INSERT INTO `pictures` VALUES ('63E5FE9072EF41F8BD032A9E956C28D0', '8EA7EDE3A8AB4CBFB9819C5ED28460FB', '加利福尼亚湾', '2', '63E5FE9072EF41F8BD032A9E956C28D0.jpg', null, '4227', '31', '95', 'N');
INSERT INTO `pictures` VALUES ('66AE724CFF0847EB9AFCA3BE15DE0C12', '8EA7EDE3A8AB4CBFB9819C5ED28460FB', '萨尔茨卡默古特地区', '1', '66AE724CFF0847EB9AFCA3BE15DE0C12.jpg', null, '4335', '50', '54', 'N');
INSERT INTO `pictures` VALUES ('66D9606E96054ECA8C30CD4A71957F40', '8EA7EDE3A8AB4CBFB9819C5ED28460FB', '萨尔茨卡默古特地区', '1', '66D9606E96054ECA8C30CD4A71957F40.jpg', null, '4248', '25', '30', 'N');
INSERT INTO `pictures` VALUES ('6D94D230FCBD4C45BC8C5D2B00356BB3', '8EA7EDE3A8AB4CBFB9819C5ED28460FB', '加利福尼亚湾', '2', '6D94D230FCBD4C45BC8C5D2B00356BB3.jpg', null, '4212', '84', '57', 'N');
INSERT INTO `pictures` VALUES ('6EAAB2082AC24E378BC9B1556F496E7B', '8EA7EDE3A8AB4CBFB9819C5ED28460FB', '萨尔茨卡默古特地区', '1', '6EAAB2082AC24E378BC9B1556F496E7B.jpg', null, '4241', '16', '75', 'N');
INSERT INTO `pictures` VALUES ('6EB36BC134BB464286696E0BDB2C8325', '8EA7EDE3A8AB4CBFB9819C5ED28460FB', '萨尔茨卡默古特地区', '1', '6EB36BC134BB464286696E0BDB2C8325.jpg', null, '4256', '52', '39', 'N');
INSERT INTO `pictures` VALUES ('725AD6B0E06C48109E0BEAEE7D383F0B', '8EA7EDE3A8AB4CBFB9819C5ED28460FB', '萨尔茨卡默古特地区', '1', '725AD6B0E06C48109E0BEAEE7D383F0B.jpg', null, '4353', '1', '33', 'N');
INSERT INTO `pictures` VALUES ('75A5EB90009048F296703F197F379C4D', '8EA7EDE3A8AB4CBFB9819C5ED28460FB', '萨尔茨卡默古特地区', '1', '75A5EB90009048F296703F197F379C4D.jpg', null, '4222', '47', '4', 'N');
INSERT INTO `pictures` VALUES ('7706C566B4844DC4925D19FB5C592202', '8EA7EDE3A8AB4CBFB9819C5ED28460FB', '萨尔茨卡默古特地区', '1', '7706C566B4844DC4925D19FB5C592202.jpg', null, '4333', '98', '77', 'N');
INSERT INTO `pictures` VALUES ('771A44DED4FB4A40969C18DB1250D2B5', '8EA7EDE3A8AB4CBFB9819C5ED28460FB', '加利福尼亚湾', '2', '771A44DED4FB4A40969C18DB1250D2B5.jpg', null, '4235', '53', '47', 'N');
INSERT INTO `pictures` VALUES ('790A7E72CF204000A216C8AA32089524', '8EA7EDE3A8AB4CBFB9819C5ED28460FB', '萨尔茨卡默古特地区', '1', '790A7E72CF204000A216C8AA32089524.jpg', null, '4344', '83', '10', 'N');
INSERT INTO `pictures` VALUES ('7CB0C527DA314720A33951D04E468B08', '8EA7EDE3A8AB4CBFB9819C5ED28460FB', '加利福尼亚湾', '2', '7CB0C527DA314720A33951D04E468B08.jpg', null, '4258', '28', '99', 'N');
INSERT INTO `pictures` VALUES ('7D475EAF27CB4A10BF312DFEC4303E67', '8EA7EDE3A8AB4CBFB9819C5ED28460FB', '萨尔茨卡默古特地区', '1', '7D475EAF27CB4A10BF312DFEC4303E67.jpg', null, '4355', '7', '14', 'N');
INSERT INTO `pictures` VALUES ('7E76304E8ED8440D88575FD3B47D58D6', '8EA7EDE3A8AB4CBFB9819C5ED28460FB', '加利福尼亚湾', '2', '7E76304E8ED8440D88575FD3B47D58D6.jpg', null, '4220', '52', '1', 'N');
INSERT INTO `pictures` VALUES ('7EA34B6AAFF84D0DB1B68854E15CEAD4', '8EA7EDE3A8AB4CBFB9819C5ED28460FB', '萨尔茨卡默古特地区', '1', '7EA34B6AAFF84D0DB1B68854E15CEAD4.jpg', null, '4248', '36', '97', 'N');
INSERT INTO `pictures` VALUES ('800EE8A089CD4E28A95E9CADD6F436BF', '8EA7EDE3A8AB4CBFB9819C5ED28460FB', '加利福尼亚湾', '2', '800EE8A089CD4E28A95E9CADD6F436BF.jpg', null, '4258', '59', '7', 'N');
INSERT INTO `pictures` VALUES ('80C877CA61354F7C9D60C8D74FD38A18', '8EA7EDE3A8AB4CBFB9819C5ED28460FB', '萨尔茨卡默古特地区', '1', '80C877CA61354F7C9D60C8D74FD38A18.jpg', null, '4240', '52', '60', 'N');
INSERT INTO `pictures` VALUES ('89A3F84372374EEDAC5C528607BA2998', '8EA7EDE3A8AB4CBFB9819C5ED28460FB', '加利福尼亚湾', '2', '89A3F84372374EEDAC5C528607BA2998.jpg', null, '4253', '42', '67', 'N');
INSERT INTO `pictures` VALUES ('89F9BB43077F4D508964105C8B4A699B', '8EA7EDE3A8AB4CBFB9819C5ED28460FB', '萨尔茨卡默古特地区', '1', '89F9BB43077F4D508964105C8B4A699B.jpg', null, '4339', '57', '23', 'N');
INSERT INTO `pictures` VALUES ('8D1F6711039F4A45A3A9C873EC88E88D', '8EA7EDE3A8AB4CBFB9819C5ED28460FB', '萨尔茨卡默古特地区', '1', '8D1F6711039F4A45A3A9C873EC88E88D.jpg', null, '4253', '11', '71', 'N');
INSERT INTO `pictures` VALUES ('8E606B3C88B141BE9E57BE373388C840', '8EA7EDE3A8AB4CBFB9819C5ED28460FB', '萨尔茨卡默古特地区', '1', '8E606B3C88B141BE9E57BE373388C840.jpg', null, '4349', '8', '50', 'N');
INSERT INTO `pictures` VALUES ('9924B88D496A436BB3AF962F1D5CC709', '8EA7EDE3A8AB4CBFB9819C5ED28460FB', '加利福尼亚湾', '2', '9924B88D496A436BB3AF962F1D5CC709.jpg', null, '4245', '2', '19', 'N');
INSERT INTO `pictures` VALUES ('9B7986154BBC461599A7657FE522D717', '8EA7EDE3A8AB4CBFB9819C5ED28460FB', '萨尔茨卡默古特地区', '1', '9B7986154BBC461599A7657FE522D717.jpg', null, '4316', '75', '18', 'N');
INSERT INTO `pictures` VALUES ('9BBC4106AE304802AC0160D0B3077AEE', '8EA7EDE3A8AB4CBFB9819C5ED28460FB', '萨尔茨卡默古特地区', '1', '9BBC4106AE304802AC0160D0B3077AEE.jpg', null, '4346', '77', '26', 'N');
INSERT INTO `pictures` VALUES ('9DDAF835DFB74961B3EABA0D0F9E2B2E', '8EA7EDE3A8AB4CBFB9819C5ED28460FB', '萨尔茨卡默古特地区', '1', '9DDAF835DFB74961B3EABA0D0F9E2B2E.jpg', null, '4314', '73', '27', 'N');
INSERT INTO `pictures` VALUES ('9E087F5F274649FD955A7B8563172298', '8EA7EDE3A8AB4CBFB9819C5ED28460FB', '加利福尼亚湾', '2', '9E087F5F274649FD955A7B8563172298.jpg', null, '4212', '91', '6', 'N');
INSERT INTO `pictures` VALUES ('A1BDE1AB9D89439C96CE591F91F71EB3', '8EA7EDE3A8AB4CBFB9819C5ED28460FB', '加利福尼亚湾', '2', 'A1BDE1AB9D89439C96CE591F91F71EB3.jpg', null, '4256', '39', '3', 'N');
INSERT INTO `pictures` VALUES ('A48842E483124E7FB6E2023B0BEEF233', '8EA7EDE3A8AB4CBFB9819C5ED28460FB', '萨尔茨卡默古特地区', '1', 'A48842E483124E7FB6E2023B0BEEF233.jpg', null, '4236', '94', '90', 'N');
INSERT INTO `pictures` VALUES ('A51ADBD31CFF40B3B8EFA72A76ABB4A3', '8EA7EDE3A8AB4CBFB9819C5ED28460FB', '萨尔茨卡默古特地区', '1', 'A51ADBD31CFF40B3B8EFA72A76ABB4A3.jpg', null, '4346', '76', '23', 'N');
INSERT INTO `pictures` VALUES ('A5DAE5BA6F0D4F59B7215E25D1D97082', '8EA7EDE3A8AB4CBFB9819C5ED28460FB', '加利福尼亚湾', '2', 'A5DAE5BA6F0D4F59B7215E25D1D97082.jpg', null, '4231', '5', '13', 'N');
INSERT INTO `pictures` VALUES ('A679EA897B10458D8237F1BF7C321FBC', '8EA7EDE3A8AB4CBFB9819C5ED28460FB', '萨尔茨卡默古特地区', '1', 'A679EA897B10458D8237F1BF7C321FBC.jpg', null, '4235', '10', '3', 'N');
INSERT INTO `pictures` VALUES ('A7212FB12C8148B48CAAD63010A5167E', '8EA7EDE3A8AB4CBFB9819C5ED28460FB', '萨尔茨卡默古特地区', '1', 'A7212FB12C8148B48CAAD63010A5167E.jpg', null, '4223', '83', '8', 'N');
INSERT INTO `pictures` VALUES ('A8E06BA8ED4C484BAC19E958F4EE1EFE', '8EA7EDE3A8AB4CBFB9819C5ED28460FB', '萨尔茨卡默古特地区', '1', 'A8E06BA8ED4C484BAC19E958F4EE1EFE.jpg', null, '4340', '44', '2', 'N');
INSERT INTO `pictures` VALUES ('AA651415B66A4020B1058348D81D7DFD', '8EA7EDE3A8AB4CBFB9819C5ED28460FB', '萨尔茨卡默古特地区', '1', 'AA651415B66A4020B1058348D81D7DFD.jpg', null, '4329', '47', '26', 'N');
INSERT INTO `pictures` VALUES ('AB16F89E53F441BDA47EA6625EC8F09B', '8EA7EDE3A8AB4CBFB9819C5ED28460FB', '萨尔茨卡默古特地区', '1', 'AB16F89E53F441BDA47EA6625EC8F09B.jpg', null, '4214', '70', '60', 'N');
INSERT INTO `pictures` VALUES ('AC5281B3E0EC4AACBCE9FA2AAC7FE0F2', '8EA7EDE3A8AB4CBFB9819C5ED28460FB', '萨尔茨卡默古特地区', '1', 'AC5281B3E0EC4AACBCE9FA2AAC7FE0F2.jpg', null, '4355', '87', '28', 'N');
INSERT INTO `pictures` VALUES ('B2F09350E21E4C5C9A12995353B5C683', '8EA7EDE3A8AB4CBFB9819C5ED28460FB', '萨尔茨卡默古特地区', '1', 'B2F09350E21E4C5C9A12995353B5C683.jpg', null, '4216', '92', '20', 'N');
INSERT INTO `pictures` VALUES ('B49FE50E32AD42BA9BB529BE604F823D', '8EA7EDE3A8AB4CBFB9819C5ED28460FB', '萨尔茨卡默古特地区', '1', 'B49FE50E32AD42BA9BB529BE604F823D.jpg', null, '4218', '2', '75', 'N');
INSERT INTO `pictures` VALUES ('B684EC4BC66B4F75970D22367C172E73', '8EA7EDE3A8AB4CBFB9819C5ED28460FB', '加利福尼亚湾', '2', 'B684EC4BC66B4F75970D22367C172E73.jpg', null, '4239', '97', '88', 'N');
INSERT INTO `pictures` VALUES ('B7146F78DEE24778A57EF6C1D476B0C5', '8EA7EDE3A8AB4CBFB9819C5ED28460FB', '萨尔茨卡默古特地区', '1', 'B7146F78DEE24778A57EF6C1D476B0C5.jpg', null, '4317', '36', '89', 'N');
INSERT INTO `pictures` VALUES ('B7604E85A08847C79360864C7E4091AF', '8EA7EDE3A8AB4CBFB9819C5ED28460FB', '萨尔茨卡默古特地区', '1', 'B7604E85A08847C79360864C7E4091AF.jpg', null, '4349', '7', '84', 'N');
INSERT INTO `pictures` VALUES ('B8BACF54330D43979C343343B40C9E12', '8EA7EDE3A8AB4CBFB9819C5ED28460FB', '萨尔茨卡默古特地区', '1', 'B8BACF54330D43979C343343B40C9E12.jpg', null, '4317', '89', '30', 'N');
INSERT INTO `pictures` VALUES ('B9A9F62310364FF5A99B45E4DEEA2864', '8EA7EDE3A8AB4CBFB9819C5ED28460FB', '萨尔茨卡默古特地区', '1', 'B9A9F62310364FF5A99B45E4DEEA2864.jpg', null, '4343', '11', '14', 'N');
INSERT INTO `pictures` VALUES ('BA093A0ADE3F4B0D8D1D8AF4075A99F8', '8EA7EDE3A8AB4CBFB9819C5ED28460FB', '加利福尼亚湾', '2', 'BA093A0ADE3F4B0D8D1D8AF4075A99F8.jpg', null, '4229', '48', '30', 'N');
INSERT INTO `pictures` VALUES ('BE37C04AF1DA485BB4CEBDFA85A6745F', '8EA7EDE3A8AB4CBFB9819C5ED28460FB', '萨尔茨卡默古特地区', '1', 'BE37C04AF1DA485BB4CEBDFA85A6745F.jpg', null, '4334', '50', '82', 'N');
INSERT INTO `pictures` VALUES ('BEB8191D6E6F4EAE90D44839E8C0C237', '8EA7EDE3A8AB4CBFB9819C5ED28460FB', '加利福尼亚湾', '2', 'BEB8191D6E6F4EAE90D44839E8C0C237.jpg', null, '4234', '79', '97', 'N');
INSERT INTO `pictures` VALUES ('BF6923F04445413689DC955DA28A7CDD', '8EA7EDE3A8AB4CBFB9819C5ED28460FB', '加利福尼亚湾', '2', 'BF6923F04445413689DC955DA28A7CDD.jpg', null, '4244', '71', '26', 'N');
INSERT INTO `pictures` VALUES ('C17302E7A3F641A0B463C17AE8F14854', '8EA7EDE3A8AB4CBFB9819C5ED28460FB', '萨尔茨卡默古特地区', '1', 'C17302E7A3F641A0B463C17AE8F14854.jpg', null, '4235', '90', '98', 'N');
INSERT INTO `pictures` VALUES ('C1F090DE61C4484E9EBD267AFEC9F458', '8EA7EDE3A8AB4CBFB9819C5ED28460FB', '萨尔茨卡默古特地区', '1', 'C1F090DE61C4484E9EBD267AFEC9F458.jpg', null, '4224', '88', '15', 'N');
INSERT INTO `pictures` VALUES ('C3F9A5A5A01149A58FB98CD56B685C08', '8EA7EDE3A8AB4CBFB9819C5ED28460FB', '加利福尼亚湾', '2', 'C3F9A5A5A01149A58FB98CD56B685C08.jpg', null, '4130', '99', '11', 'N');
INSERT INTO `pictures` VALUES ('C5249CC975B846B2BD60D60F656B6D4E', '8EA7EDE3A8AB4CBFB9819C5ED28460FB', '加利福尼亚湾', '2', 'C5249CC975B846B2BD60D60F656B6D4E.jpg', null, '4246', '5', '33', 'N');
INSERT INTO `pictures` VALUES ('C8A1EC17053345598B84DE9B5A0C6B94', '8EA7EDE3A8AB4CBFB9819C5ED28460FB', '加利福尼亚湾', '2', 'C8A1EC17053345598B84DE9B5A0C6B94.jpg', null, '4248', '82', '58', 'N');
INSERT INTO `pictures` VALUES ('C9547E8FB2A5470B80CF56D6A2C457B9', '8EA7EDE3A8AB4CBFB9819C5ED28460FB', '萨尔茨卡默古特地区', '1', 'C9547E8FB2A5470B80CF56D6A2C457B9.jpg', null, '4344', '43', '84', 'N');
INSERT INTO `pictures` VALUES ('CA41D0166CCA4114BDE4B10897884FFF', '8EA7EDE3A8AB4CBFB9819C5ED28460FB', '萨尔茨卡默古特地区', '1', 'CA41D0166CCA4114BDE4B10897884FFF.jpg', null, '4241', '52', '71', 'N');
INSERT INTO `pictures` VALUES ('CD8FBBCADE2B436EA8DE90213F826C33', '8EA7EDE3A8AB4CBFB9819C5ED28460FB', '萨尔茨卡默古特地区', '1', 'CD8FBBCADE2B436EA8DE90213F826C33.jpg', null, '4258', '19', '4', 'N');
INSERT INTO `pictures` VALUES ('CFB25A6972BF43368FCC67FF162B2E44', '8EA7EDE3A8AB4CBFB9819C5ED28460FB', '萨尔茨卡默古特地区', '1', 'CFB25A6972BF43368FCC67FF162B2E44.jpg', null, '4253', '49', '13', 'N');
INSERT INTO `pictures` VALUES ('D152C6EEBF564F2EB1CD5059CB49E261', '8EA7EDE3A8AB4CBFB9819C5ED28460FB', '加利福尼亚湾', '2', 'D152C6EEBF564F2EB1CD5059CB49E261.jpg', null, '4236', '15', '17', 'N');
INSERT INTO `pictures` VALUES ('D39F6243962548AB9172E5393F857EB0', '8EA7EDE3A8AB4CBFB9819C5ED28460FB', '加利福尼亚湾', '2', 'D39F6243962548AB9172E5393F857EB0.jpg', null, '4248', '66', '16', 'N');
INSERT INTO `pictures` VALUES ('D405F6FB68B34C06B158C435FEE26A88', '8EA7EDE3A8AB4CBFB9819C5ED28460FB', '加利福尼亚湾', '2', 'D405F6FB68B34C06B158C435FEE26A88.jpg', null, '4255', '79', '65', 'N');
INSERT INTO `pictures` VALUES ('D4A03C253BBB4FAA941F1202CA7F912E', '8EA7EDE3A8AB4CBFB9819C5ED28460FB', '加利福尼亚湾', '2', 'D4A03C253BBB4FAA941F1202CA7F912E.jpg', null, '4250', '72', '19', 'N');
INSERT INTO `pictures` VALUES ('D6279F9A36554935841FF8B1DB84DCF8', '8EA7EDE3A8AB4CBFB9819C5ED28460FB', '加利福尼亚湾', '2', 'D6279F9A36554935841FF8B1DB84DCF8.jpg', null, '4243', '52', '13', 'N');
INSERT INTO `pictures` VALUES ('DA78F8D9832D40B5B2F8B39BF2159513', '8EA7EDE3A8AB4CBFB9819C5ED28460FB', '萨尔茨卡默古特地区', '1', 'DA78F8D9832D40B5B2F8B39BF2159513.jpg', null, '4349', '93', '8', 'N');
INSERT INTO `pictures` VALUES ('DB1AC73ECF2C484E9D6EAECFA8E90315', '8EA7EDE3A8AB4CBFB9819C5ED28460FB', '加利福尼亚湾', '2', 'DB1AC73ECF2C484E9D6EAECFA8E90315.jpg', null, '4246', '64', '19', 'N');
INSERT INTO `pictures` VALUES ('DB50B57AF40648DE8CA93D7268C6FC02', '8EA7EDE3A8AB4CBFB9819C5ED28460FB', '萨尔茨卡默古特地区', '1', 'DB50B57AF40648DE8CA93D7268C6FC02.jpg', null, '4326', '4', '68', 'N');
INSERT INTO `pictures` VALUES ('E17DE541D1F94B7DA1BC7B1ACFD3A009', '8EA7EDE3A8AB4CBFB9819C5ED28460FB', '萨尔茨卡默古特地区', '1', 'E17DE541D1F94B7DA1BC7B1ACFD3A009.jpg', null, '4332', '18', '33', 'N');
INSERT INTO `pictures` VALUES ('E2B4F906A8AF483F99C922E6DDD725C1', '8EA7EDE3A8AB4CBFB9819C5ED28460FB', '加利福尼亚湾', '2', 'E2B4F906A8AF483F99C922E6DDD725C1.jpg', null, '4230', '11', '46', 'N');
INSERT INTO `pictures` VALUES ('E61EBF81B33B45D49B6ECD0D34D3E095', '8EA7EDE3A8AB4CBFB9819C5ED28460FB', '加利福尼亚湾', '2', 'E61EBF81B33B45D49B6ECD0D34D3E095.jpg', null, '4217', '4', '45', 'N');
INSERT INTO `pictures` VALUES ('E786D0A410594496BE1AAD009E166AA3', '8EA7EDE3A8AB4CBFB9819C5ED28460FB', '萨尔茨卡默古特地区', '1', 'E786D0A410594496BE1AAD009E166AA3.jpg', null, '4324', '32', '9', 'N');
INSERT INTO `pictures` VALUES ('E8269B982D3948D8B9A224D9CF0223E4', '8EA7EDE3A8AB4CBFB9819C5ED28460FB', '萨尔茨卡默古特地区', '1', 'E8269B982D3948D8B9A224D9CF0223E4.jpg', null, '4251', '48', '37', 'N');
INSERT INTO `pictures` VALUES ('ED9A42B97AF44DBAAF43D306D97760E1', '8EA7EDE3A8AB4CBFB9819C5ED28460FB', '加利福尼亚湾', '2', 'ED9A42B97AF44DBAAF43D306D97760E1.jpg', null, '4244', '56', '96', 'N');
INSERT INTO `pictures` VALUES ('EF9510DE3D58426691B016662D3EEE24', '8EA7EDE3A8AB4CBFB9819C5ED28460FB', '加利福尼亚湾', '2', 'EF9510DE3D58426691B016662D3EEE24.jpg', null, '4259', '49', '25', 'N');
INSERT INTO `pictures` VALUES ('F6DE069ED846407CB5601A6E57FDD391', '8EA7EDE3A8AB4CBFB9819C5ED28460FB', '萨尔茨卡默古特地区', '1', 'F6DE069ED846407CB5601A6E57FDD391.jpg', null, '4246', '11', '55', 'N');
INSERT INTO `pictures` VALUES ('F80E0733C31A429F860EA0618AE6CDA8', '8EA7EDE3A8AB4CBFB9819C5ED28460FB', '萨尔茨卡默古特地区', '1', 'F80E0733C31A429F860EA0618AE6CDA8.jpg', null, '4229', '16', '22', 'N');
INSERT INTO `pictures` VALUES ('F9882FB8866740AFB0EAD2E97AC5E53A', '8EA7EDE3A8AB4CBFB9819C5ED28460FB', '加利福尼亚湾', '2', 'F9882FB8866740AFB0EAD2E97AC5E53A.jpg', null, '4246', '36', '51', 'N');
INSERT INTO `pictures` VALUES ('FCF5A8052B264DD9A22082836E528B18', '8EA7EDE3A8AB4CBFB9819C5ED28460FB', '加利福尼亚湾', '2', 'FCF5A8052B264DD9A22082836E528B18.jpg', null, '4256', '27', '72', 'N');
INSERT INTO `pictures` VALUES ('FDCC9025995D426884F22CA375ABBA74', '8EA7EDE3A8AB4CBFB9819C5ED28460FB', '萨尔茨卡默古特地区', '1', 'FDCC9025995D426884F22CA375ABBA74.jpg', null, '4231', '74', '91', 'N');
INSERT INTO `pictures` VALUES ('FDFA05CDD8AA4BD6B61702BFA40C1A72', '8EA7EDE3A8AB4CBFB9819C5ED28460FB', '加利福尼亚湾', '2', 'FDFA05CDD8AA4BD6B61702BFA40C1A72.jpg', null, '4254', '94', '48', 'N');
INSERT INTO `picturetype` VALUES ('1', '人文', '');
INSERT INTO `picturetype` VALUES ('2', '自然', null);
INSERT INTO `user` VALUES ('79DC6FA4F265451E8C2947E26FFC7713', '海艺大厦', 'ljm', '123', '男', '573222963@qq.com', '20180124144833', '头像暂未上传', 'N');
INSERT INTO `user` VALUES ('8A0AF9904D264561A1C7DB81A89E9422', 'java小王子', 'lhb', '202CB962AC59075B964B07152D234B70', '男', '891671286@qq.com', '20180124145122', '头像暂未上传', 'N');
INSERT INTO `user` VALUES ('8EA7EDE3A8AB4CBFB9819C5ED28460FB', '王王王', 'WWW', '202CB962AC59075B964B07152D234B70', '1', '512370345@qq.com', '20180206103445', '头像暂未上传', 'N');
